Company Category,Company Type ,Ambitions / Business strategy,Culture,3 year plan,5 year plan,Strengths,Weaknesses,Opportunities,Threats,Marketing strategy
Administration,Office Support,Expand into new markets,Integrity,Expand to new markets,Expand globally,Strong brand reputation,Weak brand recognition,Expand into new markets,Intense competition,Brand awareness
Administration,Operations,Increase market share,Transparency,Increase market share,Become an industry leader,Large and loyal customer base,Small market share,Increase market share,New market entrants,Content marketing
Aerospace & Defence,Aerospace & Defence,Grow customer base,Accountability,Grow customer base,Increase total market share,High market share,Limited customer base,Launch new products/services,Declining market demand,SEO optimization
Agriculture,Animal Production ,Diversify revenue streams,Trust & respect,Boost revenue growth,Grow customer base significantly,Competitive pricing strategy,High customer churn,Diversify revenue streams,Shifting consumer preferences,Social media marketing
Agriculture,Crop Production,Launch new products/services,Customer-first approach,Launch new products/services,Launch multiple new products/services,Unique selling proposition (USP),Lack of competitive differentiation,Tap into emerging industries,Loss of key customers,Email marketing
Agriculture,Farm Support Service,Expand global operations,Innovation-driven,Diversify revenue streams,Enter emerging markets,Diversified revenue streams,Over-reliance on one product/service,Expand globally,Price wars affecting profitability,Influencer partnerships
Agriculture,Fishery,Strengthen brand recognition,Sustainability-focused,Strengthen brand presence,Diversify revenue streams,Strong industry relationships,Slow expansion into new markets,Form strategic partnerships,Industry disruption by new technology,Paid advertising
Agriculture,"Forestry, Logging & Timber Operation",Develop strategic partnerships,Diversity & inclusion,Improve customer retention,Strengthen competitive positioning,High customer retention,Poor crisis management,Leverage government incentives,Dependence on seasonal demand,Referral programs
Agriculture,Plant Propagation,Enter emerging industries,Ethical business practices,Develop new business partnerships,Develop strategic business partnerships,Scalable business model,High dependency on a few clients,Acquire smaller competitors,Competitor innovation outpacing the company,Customer loyalty programs
Architecture,Architectural Service,Acquire competitors or startups,Social responsibility,Expand globally,Achieve sustainable year-over-year revenue growth,Established global presence,Weak pricing strategy,Expand customer base,Market saturation,Affiliate marketing
"Aviation, Transportation & Logisitcs","Airlines, Airports, & Air Transportation",Invest in R&D,Collaborative culture,Increase direct-to-consumer sales,Expand into high-growth industries,Efficient supply chain,High operational costs,Optimize cost management,Economic downturns,Video marketing
"Aviation, Transportation & Logisitcs",Aircraft maintance,Adopt AI & automation,Supportive leadership,Strengthen distribution networks,Strengthen corporate reputation,Low operational costs,Inefficient supply chain,Improve supply chain efficiency,Rising inflation,Webinars & live events
"Aviation, Transportation & Logisitcs",Car & Truck Rental,Enhance digital transformation,Work-life balance,Explore new business models,Achieve IPO or major funding milestone,Strong financial stability,Weak cash flow management,Adopt automation & AI,Fluctuating exchange rates,Personalized marketing
"Aviation, Transportation & Logisitcs",Marine Transportation ,Improve cybersecurity,Remote & hybrid work flexibility,Enhance customer loyalty programs,Develop franchise or licensing models,High profit margins,Low profit margins,Expand digital transformation,Increasing operational costs,Market segmentation
"Aviation, Transportation & Logisitcs",Parking & Valet,Implement big data analytics,Employee well-being focus,Develop new pricing strategies,Increase brand recognition worldwide,Effective risk management,High levels of debt,Enhance financial stability,Supply chain disruptions,Customer retention
"Aviation, Transportation & Logisitcs",Rail Transportation ,Develop proprietary technology,Open communication,Automate key processes,Fully integrate AI & automation,Lean and optimized processes,Lack of cost-cutting strategies,Improve risk management,Declining profit margins,Lead generation
"Aviation, Transportation & Logisitcs",Shipping & Trucking,Leverage blockchain & IoT,Psychological safety,Cut operational costs,Optimize all core business processes,Well-structured business model,Overreliance on manual processes,Increase operational efficiency,Over-reliance on a few revenue streams,Product positioning
"Aviation, Transportation & Logisitcs",Taxi & Car Services,Optimize cloud computing,Empowered decision-making,Improve supply chain efficiency,Reduce operational costs,Reliable distribution network,Poor inventory management,Implement better data analytics,Debt accumulation,User-generated content
"Aviation, Transportation & Logisitcs",Transportation Management,Drive continuous process improvement,Recognition & rewards,Adopt AI & machine learning,Enhance supply chain resilience,Sustainable cost management,Lack of risk management planning,Develop scalable processes,Investor confidence decline,E-commerce marketing
"Arts, Entertainment & Recreation",Culture & Entertainment,Enhance IT infrastructure,Healthy work relationships,Enhance cybersecurity,Improve cybersecurity defenses,Proven business resilience,Unstable revenue streams,Strengthen cybersecurity,High tax or regulatory costs,Mobile marketing
"Arts, Entertainment & Recreation",Gambling & Betting,Enhance customer experience,Continuous learning,Optimize workflow efficiency,Adopt blockchain for secure transactions,Cutting-edge technology,Outdated technology infrastructure,Invest in R&D,Supply chain inefficiencies,Omnichannel strategy
"Arts, Entertainment & Recreation",Sports Centre,Strengthen digital marketing,Leadership development,Improve data security & compliance,Implement cutting-edge data analytics,Strong R&D capabilities,Slow adoption of new technology,Adopt AI & machine learning,Product quality issues,Conversion rate optimization
"Arts, Entertainment & Recreation",Recreation & Health Centre,Increase customer retention,Mentorship & coaching,Integrate cloud computing solutions,Achieve zero downtime in operations,Industry-leading innovation,Weak cybersecurity measures,Expand e-commerce operations,Workforce shortages,Competitive analysis
"Arts, Entertainment & Recreation",Ticket Sales,Develop personalized marketing,Career progression opportunities,Enhance digital infrastructure,Develop proprietary technology solutions,Early adoption of AI & automation,Lack of investment in R&D,Improve IT infrastructure,Lack of skilled talent,Public relations (PR)
Beauty,Beauty,Expand social media presence,Skill-building programs,Streamline inventory management,Enhance business continuity & disaster recovery plans,Robust cybersecurity infrastructure,Inefficient IT systems,Leverage big data analytics,Operational inefficiencies,Partnership marketing
Construction Repair & Maintenance Services,Building Management,Optimize e-commerce growth,Encouraging curiosity & innovation,Develop predictive analytics capabilities,Optimize remote & hybrid work infrastructure,Data-driven decision-making,Limited automation & AI use,Integrate cloud computing,Failure to adapt to digital transformation,Sales funnel optimization
Construction Repair & Maintenance Services,Engineering Service,Improve customer service excellence,Cross-functional collaboration,Implement better risk management strategies,Improve IT infrastructure and cloud capabilities,Advanced digital transformation,Weak data management strategy,Enhance mobile-first strategies,Cybersecurity threats,Community engagement
Construction Repair & Maintenance Services,Commercial Equipment Service,Strengthen brand loyalty programs,Problem-solving mindset,Upgrade CRM & ERP systems,Streamline global logistics & distribution,Smart automation systems,Inconsistent digital transformation efforts,Develop blockchain applications,Poor crisis management,A/B testing campaigns
Construction Repair & Maintenance Services,Construction,Leverage data for targeted marketing,Encouraging employee feedback,Enhance customer support operations,Develop predictive analytics for decision-making,Cloud-based operations,Lack of innovation culture,Improve cybersecurity measures,Dependence on outdated technology,Growth hacking
Construction Repair & Maintenance Services,General Repair & Maintainance,Build a strong community engagement,Adapting to change,Reduce waste & increase sustainability,Strengthen financial risk management strategies,Efficient IT infrastructure,Poor cybersecurity training for employees,Use IoT for smarter operations,Rising employee turnover,Retargeting ads
Construction Repair & Maintenance Services,Motor Vehicle Repair & Maintanance,Increase profitability,Results-driven,Increase digital marketing efforts,Dominate digital marketing channels,Strong brand identity,Weak online presence,Expand digital marketing efforts,Slow adoption of new technology,Data-driven marketing
Construction Repair & Maintenance Services,Sanitation,Reduce operational costs,Data-informed decision-making,Strengthen social media presence,Lead in social media engagement,Effective digital marketing strategy,Poor brand reputation,Improve SEO & online visibility,Data security breaches,Customer feedback loops
Education,Colleges & Universities,Improve supply chain efficiency,Agility & adaptability,Improve brand storytelling,Develop a globally recognized brand,Engaged online community,Ineffective digital marketing strategy,Leverage influencer marketing,Failure to keep up with industry innovations,Experiential marketing
Education,Education Support & Training Service,Optimize cash flow management,Encouraging high performance,Launch viral marketing campaigns,Achieve top-tier customer satisfaction ratings,High customer satisfaction,Low engagement on social media,Strengthen social media presence,Inadequate IT infrastructure,Event sponsorships
Education,Preschool & Childcare Service,Expand subscription-based revenue,Setting clear goals & expectations,Expand content marketing efforts,Expand omnichannel marketing efforts,Strong influencer partnerships,Lack of targeted advertising,Enhance brand reputation,AI replacing traditional business models,Podcast marketing
Education,Primary School,Implement lean business models,Encouraging ownership & responsibility,Develop stronger influencer collaborations,Maximize content marketing impact,Omnichannel marketing expertise,Weak customer loyalty programs,Develop customer loyalty programs,High costs of technological upgrades,Viral marketing
Education,Secondary School,Diversify investment portfolios,Quality over quantity,Personalize customer interactions,Develop an advanced customer data strategy,Personalized customer experiences,Inconsistent branding,Improve customer experience,Intellectual property theft,Storytelling strategy
"Energy, Mining & Utilities",Energy & Utilities,Enhance financial risk management,Process efficiency,Improve SEO & organic traffic,Lead in influencer and partnership marketing,Customer-centric approach,Slow response to market trends,Personalize marketing strategies,Dependence on third-party software,Geo-targeted advertising
"Energy, Mining & Utilities",Mining & Metals,Increase operational resilience,Risk-taking & experimentation,Enhance paid advertising strategies,Implement fully personalized marketing automation,Top-tier customer service,High customer acquisition costs,Launch targeted ad campaigns,Disruptive technology from competitors,Interactive content
Entertainment,Entertainment,Adopt sustainable cost-saving measures,"Fail-fast, learn-fast mentality",Strengthen email marketing campaigns,Optimize customer acquisition cost,Strong content marketing strategy,Poor website/user experience,Increase word-of-mouth referrals,Lack of investment in R&D,Chatbot automation
Environment,Environment,Attract top talent,Strong teamwork & partnerships,Optimize customer experience,Expand word-of-mouth and referral marketing,Strong sales team,Low conversion rates,Increase B2B and enterprise sales,Stricter government regulations,Ethical & sustainable branding
Finance,Accounting & Tax,Develop leadership pipelines,Cross-department collaboration,Expand referral & rewards programs,Strengthen brand storytelling,High conversion rates,Weak sales team performance,Enhance subscription-based models,Legal disputes & lawsuits,Cold outreach (email/calls)
Finance,Banking & Lending,Enhance employee training programs,Knowledge-sharing environment,Implement omnichannel marketing,Achieve best-in-class SEO rankings,Optimized pricing strategy,Inconsistent revenue growth,Develop innovative pricing strategies,Non-compliance with data privacy laws,Local marketing
Finance,Debt Relief,Improve workplace culture,Encouraging open dialogue,Develop a community engagement strategy,Launch a global brand campaign,Diverse product/service offerings,High dependency on seasonal sales,Optimize cross-selling & upselling,Unfavorable trade policies,Press releases & media coverage
Finance,Financial Transaction Processing,Increase employee retention,Fostering inclusivity,Improve user-generated content efforts,Leverage AR/VR for customer experiences,B2B and B2C market reach,Limited pricing flexibility,Leverage AI for sales automation,Changes in labor laws,Loyalty & reward incentives
Finance,Investment & Asset Management ,Optimize hybrid/remote work policies,Celebrating achievements together,Increase online sales conversion rates,Achieve industry-leading revenue growth,Effective upselling and cross-selling,Weak international sales strategy,Expand into direct-to-consumer sales,Environmental compliance challenges,Corporate social responsibility (CSR) marketing
Finance,Stock Exchange,Expand diversity & inclusion efforts,Breaking down silos,Develop new sales strategies,Develop a world-class sales team,Long-term client contracts,Lack of effective upselling/cross-selling,Grow recurring revenue streams,Unethical business practice allegations,Cross-promotion with brands
Finance,Wealth Management,Enhance performance-based incentives,Encouraging innovation through teamwork,Expand B2B & enterprise sales,Increase conversion rates across all sales channels,Subscription-based revenue streams,Slow sales process,Develop high-value customer segments,Rising costs of regulatory compliance,Freemium & trial offers
Government & Public Administration,Municipal Agency,Develop strong succession planning,Encouraging diverse perspectives,Improve sales team training,Expand B2B and enterprise partnerships,Low customer acquisition cost (CAC),Limited distribution channels,Improve sales team performance,Licensing and permit issues,AI-driven marketing automation
Government & Public Administration,National Services and Agency,Foster a culture of continuous learning,Promoting employee ownership & autonomy,Refine upselling & cross-selling strategies,Develop innovative pricing strategies,Consistent revenue growth,Failure to monetize customer data,Reduce customer acquisition costs,Taxation policy changes,Subscription-based models
Government & Public Administration,Regional Agency,Commit to sustainability goals,,Develop AI-powered sales automation,Expand subscription-based revenue models,Skilled and experienced workforce,High employee turnover,Attract top industry talent,Environmental concerns & carbon footprint,
Healthcare,Ambulance & Medical Transportation,Reduce carbon footprint,,Launch targeted sales promotions,Optimize cross-selling and upselling,Strong leadership team,Lack of leadership development,Improve employee training programs,Negative public perception,
Healthcare,Dental Clinic,"Enhance ESG (Environmental, Social, Governance) policies",,Reduce customer churn,Strengthen long-term customer retention,High employee retention,Weak internal communication,Enhance leadership development,Lack of ESG compliance,
Healthcare,Hospitals & Health Clinic,Improve ethical sourcing,,Expand into subscription-based revenue models,Leverage AI-driven sales insights,Great workplace culture,Poor workplace culture,Strengthen diversity & inclusion,Boycotts or negative press,
Healthcare,Medical Testing & Clinical Laboratory,Increase corporate social responsibility (CSR) initiatives,,Improve pricing and packaging,Develop new monetization strategies,Effective training & development programs,Skills gap in workforce,Expand remote & hybrid work policies,Unethical supply chain issues,
Healthcare,Nursing Care,Develop eco-friendly products,,Attract top talent,Attract and retain top global talent,Diversity & inclusion initiatives,Low employee engagement,Boost employee engagement,Failure to meet sustainability goals,
Hospitality,Event Management,Strengthen compliance with global regulations,,Improve employee retention,Develop a world-class leadership team,Efficient remote & hybrid work models,Inefficient training programs,Improve workplace culture,Customer backlash over social issues,
Hospitality,Leisure,Improve transparency in business practices,,Develop leadership training programs,Expand employee training and development programs,Attractive employee benefits,Resistance to change,Develop mentorship programs,Mismanagement of waste & resources,
Hotel & Travel Accomodation,Hotel & Resort,Invest in renewable energy solutions,,Expand workforce skill development,Become a top employer in the industry,Fast decision-making processes,Slow decision-making processes,Offer competitive employee benefits,Lack of diversity & inclusion efforts,
Hotel & Travel Accomodation,Travel Agency,Build a socially responsible brand,,Improve workplace culture,Achieve high employee satisfaction scores,Innovative and collaborative teams,Weak succession planning,Optimize performance management systems,CSR initiatives failing to meet expectations,
Human Resources & Recruitment,HR Consulting,,,Increase remote & hybrid work flexibility,Develop a strong leadership pipeline,"Strong ESG (Environmental, Social, Governance) policies",Weak ESG policies,Develop eco-friendly products,,
Human Resources & Recruitment,Recruiment Agency,,,Enhance diversity & inclusion efforts,Create a high-performance workplace culture,Commitment to sustainability,Lack of sustainability initiatives,Expand sustainability initiatives,,
Human Resources & Recruitment,Talent Agency,,,Implement performance-based incentives,"Improve diversity, equity, and inclusion efforts",Ethical sourcing and production,High carbon footprint,Meet global ESG standards,,
IT & Networking,Computer Hardware Development,,,Expand internal mentorship programs,Optimize hybrid and remote work policies,Industry-recognized sustainability efforts,Poor ethical sourcing practices,Adopt renewable energy solutions,,
IT & Networking,Information Technology Support Service,,,Optimize HR operations using AI,Expand mentorship and coaching programs,Transparent corporate governance,Limited corporate social responsibility (CSR) efforts,Strengthen ethical sourcing practices,,
IT & Networking,Internet & Web Service,,,Develop cross-functional training,Offer industry-leading employee benefits,Active corporate social responsibility (CSR) programs,Failure to meet regulatory requirements,Increase corporate social responsibility (CSR),,
IT & Networking,Networking,,,Improve employee satisfaction,Increase internal mobility and career progression,Low carbon footprint initiatives,Lack of transparency in business practices,Enhance regulatory compliance,,
IT & Networking,Software Development ,,,Increase workplace safety initiatives,Improve collaboration across global teams,Compliance with global regulations,Weak environmental impact strategies,Partner with green organizations,,
Insurance ,Insurance Agency & Brokrage,,,Expand employer branding efforts,Adopt AI-powered HR and workforce management,Strong community engagement,Limited community involvement,Invest in circular economy practices,,
Insurance ,Insurance Carrier,,,Improve employee benefits & wellness programs,Achieve industry recognition as a top workplace,Investment in renewable energy,Reputation risk due to poor ethical standards,Improve transparency in sustainability reporting,,
Legal,Law Firm,,,Reduce carbon footprint,Achieve net-zero carbon emissions,,,,,
Legal,Legal Service,,,Increase sustainability efforts,Lead in corporate sustainability efforts,,,,,
Management Consulting,Business Consulting,,,Develop eco-friendly products,Develop fully sustainable product lines,,,,,
Management Consulting,Membership Organisation,,,Enhance corporate social responsibility (CSR),Implement eco-friendly supply chain practices,,,,,
Management Consulting,Research & Development ,,,Improve ethical sourcing policies,Expand corporate social responsibility (CSR) initiatives,,,,,
Management Consulting,Security & Protective,,,Reduce waste & increase recycling initiatives,Increase investment in renewable energy,,,,,
Management Consulting,Waste Management,,,Increase transparency in sustainability reporting,"Improve transparency in ESG (Environmental, Social, Governance) reporting",,,,,
Manufacturing,Chemical Manufacturing,,,Achieve industry sustainability certifications,Develop community-focused social impact programs,,,,,
Manufacturing,Commercial Printing,,,"Align with ESG (Environmental, Social, Governance) goals",Strengthen ethical business practices,,,,,
Manufacturing,Consumer Product,,,Develop community outreach programs,Ensure full regulatory compliance worldwide,,,,,
Manufacturing,Electronics Manufacturing,,,Invest in renewable energy solutions,Become a recognized leader in ethical sourcing,,,,,
Manufacturing,Food & Beverage ,,,Strengthen regulatory compliance,Develop industry-leading green innovations,,,,,
Manufacturing,Health Care Product,,,Expand ethical business partnerships,Achieve sustainability certification for all operations,,,,,
Manufacturing,Metal & Mining,,,,Reduce overall company waste and resource usage,,,,,
Manufacturing,Textile & Apparel,,,,Invest in carbon offset and green initiatives,,,,,
Manufacturing,Transportation Equipment,,,,Lead in AI and automation adoption,,,,,
Manufacturing,Wood & Paper,,,,Develop proprietary machine learning applications,,,,,
Marketing & Advertising,Research & Insights,,,,Expand IoT (Internet of Things) capabilities,,,,,
Marketing & Advertising,Creative Agency,,,,Implement blockchain for security and transparency,,,,,
Marketing & Advertising,Digital Agency,,,,Optimize cybersecurity strategies for future threats,,,,,
Marketing & Advertising,Performance Agency,,,,Leverage big data for advanced decision-making,,,,,
Marketing & Advertising,Public Relations Agency,,,,Expand cloud computing infrastructure,,,,,
Marketing & Advertising,Design Agency,,,,"Develop smart, automated customer service solutions",,,,,
Media & Communications,Animation Agency,,,,Enhance VR/AR capabilities for digital experiences,,,,,
Media & Communications,Broadcast Media,,,,Adopt quantum computing for next-gen processing,,,,,
Media & Communications,Production,,,,Lead in innovation-driven R&D investments,,,,,
Media & Communications,Music & Sound,,,,Develop AI-driven financial forecasting models,,,,,
Media & Communications,Publishing,,,,Achieve full digital transformation across departments,,,,,
Media & Communications,Translation & Liguistic Service,,,,Improve mobile-first digital strategies,,,,,
Media & Communications,Video Game Publishing,,,,Future-proof the company against emerging disruptions,,,,,
Non-Profit & NGO,"Civic, Welfare & Social Service",,,,,,,,,
Non-Profit & NGO,Grantmaking & Charitable Foundatios,,,,,,,,,
Non-Profit & NGO,Religious Instituation,,,,,,,,,
Personal Consumer Services,Beauty & Wellness,,,,,,,,,
Personal Consumer Services,Coaching (Sports and Fitness),,,,,,,,,
Personal Consumer Services,Photograpy,,,,,,,,,
Personal Consumer Services,Laundry & Dry Cleaning,,,,,,,,,
Personal Consumer Services,Life Coach,,,,,,,,,
Personal Consumer Services,Pet Services,,,,,,,,,
Personal Consumer Services,Private Household,,,,,,,,,
Personal Consumer Services,Social Work,,,,,,,,,
Personal Consumer Services,Therapy,,,,,,,,,
Personal Consumer Services,Tutor,,,,,,,,,
Pet Care,Pet Care & Vetinary,,,,,,,,,
Pet Care,Animal Conservation,,,,,,,,,
Pharmaceutical & Biotechnology,Biotechnology,,,,,,,,,
Pharmaceutical & Biotechnology,Pharmaceutical,,,,,,,,,
Real Estate,Property Management ,,,,,,,,,
Real Estate,Real Estate Agency,,,,,,,,,
Restaurant & Food Services,Catering Contractor,,,,,,,,,
Restaurant & Food Services,Catering Services,,,,,,,,,
Restaurant & Food Services,"Pub, Bar & Nightclub",,,,,,,,,
Restaurant & Food Services,Restarants & Cafes,,,,,,,,,
Retail & Wholesale,Auctions & Gallery,,,,,,,,,
Retail & Wholesale,Automotive Parts Store,,,,,,,,,
Retail & Wholesale,Beauty & Personal Store,,,,,,,,,
Retail & Wholesale,Consumer Electronics Store,,,,,,,,,
Retail & Wholesale,"Department, Clothing & Shoe Store",,,,,,,,,
Retail & Wholesale,Drug & Health Store,,,,,,,,,
Retail & Wholesale,Food & Beverage Store,,,,,,,,,
Retail & Wholesale,General Merchanise Store,,,,,,,,,
Retail & Wholesale,"Gift, Novelty & Souvenir Store",,,,,,,,,
Retail & Wholesale,Grocery Store,,,,,,,,,
Retail & Wholesale,Home Furniture & Homewares Store,,,,,,,,,
Retail & Wholesale,Media & Entertainment Store,,,,,,,,,
Retail & Wholesale,Motor Vehicle Dealership,,,,,,,,,
Retail & Wholesale,Office Supply Store,,,,,,,,,
Retail & Wholesale,Pet Store,,,,,,,,,
Retail & Wholesale,Sporting Good Store,,,,,,,,,
Retail & Wholesale,Toy & Hobby Store,,,,,,,,,
Retail & Wholesale,Wholesale Store,,,,,,,,,
Sales,Client Servicing,,,,,,,,,
Sales,Customer Service,,,,,,,,,
Sales,Business Development,,,,,,,,,
Science,Science,,,,,,,,,
Telecommunications,Telecommunications,,,,,,,,,
Trade,All Trade,,,,,,,,,
Trade,Building,,,,,,,,,
Trade,Electrical,,,,,,,,,
Trade,Plumbing,,,,,,,,,
Trade,Carpentary,,,,,,,,,